Type,depth,parents_rate,fitness
Brut,10.399999999999991,71.4999999999998,0.9976
Filtré (quintic),9.86666666666666,72.09999999999977,0.9778471043682657
