Type,epochs,learning_rate,fitness
Brut,24,0.001,0.0031011761766552314
Filtré (quintic),23.636363636363637,0.001,-0.001097267907850852
